file,article_name,fincen_id,doc_type,doc_title,doc_date,source_csv,sha256,mode,pages,total_hits_regex,top_labels_regex,embedding_backend,embedding_model,sim_threshold,top_k,min_sim_floor
fincen_advisory_pdfs\advis11.pdf,advis11.pdf,,Advisory,FinCEN Advisory - Issue 11,04/01/1999,fincen_advisories.csv,fe5fbf986f27616b63f48d45475371d6ffbc092a2923201069c542b1655e12f7,direct,2,4,money_laundering:4,sbert,sentence-transformers/all-MiniLM-L6-v2,0.42,2,0.35
fincen_advisory_pdfs\advis12.pdf,advis12.pdf,,Advisory,FinCEN Advisory - Issue 12,06/01/1999,fincen_advisories.csv,53fe40f2d1eb24725a79e9bf18da2c38c81dd3c3090e643f87b7b69ef67b1185,direct,3,2,money_laundering:1; structuring_smurfing:1,sbert,sentence-transformers/all-MiniLM-L6-v2,0.42,2,0.35
fincen_advisory_pdfs\advis13.pdf,advis13.pdf,,Advisory,FinCEN Advisory - Issue 13,07/01/2000,fincen_advisories.csv,8f7c94d99e4d781aee495b2b69fa0b7d2f101f0cd82ea302d8d21faaca4bc578,direct,4,17,money_laundering:17,sbert,sentence-transformers/all-MiniLM-L6-v2,0.42,2,0.35
fincen_advisory_pdfs\advis14.pdf,advis14.pdf,,Advisory,FinCEN Advisory - Issue 14,07/01/2000,fincen_advisories.csv,120757a959c388811dd5a22af6023c06f8b5f5e6502ae1df866b001fc2977346,direct,4,15,money_laundering:15,sbert,sentence-transformers/all-MiniLM-L6-v2,0.42,2,0.35
fincen_advisory_pdfs\advis16.pdf,advis16.pdf,,Advisory,FinCEN Advisory - Issue 16,07/01/2000,fincen_advisories.csv,16557cd29f6e15865973d2a5f77841eeab1607150ecaed0ec5347442a9b12d03,direct,3,8,money_laundering:8,sbert,sentence-transformers/all-MiniLM-L6-v2,0.42,2,0.35
fincen_advisory_pdfs\advis17.pdf,advis17.pdf,,Advisory,FinCEN Advisory - Issue 17,07/01/2000,fincen_advisories.csv,5496d4fb09c991c67d903881322e9c77fc7da57b0612746f6b2fdb7c9bb5d941,direct,3,10,money_laundering:10,sbert,sentence-transformers/all-MiniLM-L6-v2,0.42,2,0.35
fincen_advisory_pdfs\advis18.pdf,advis18.pdf,,Advisory,FinCEN Advisory - Issue 18,07/01/2000,fincen_advisories.csv,cc72e52d3da3e388a0a85b75b82024ab89617f6c425f497f7a09c11d3d1b573a,direct,3,14,money_laundering:12; corruption_bribery:2,sbert,sentence-transformers/all-MiniLM-L6-v2,0.42,2,0.35
fincen_advisory_pdfs\advis19.pdf,advis19.pdf,,Advisory,FinCEN Advisory - Issue 19,07/01/2000,fincen_advisories.csv,0b31c67adf50232d06fc0e6224037ea68ec78268d91bc246aa59ee7277ab2e96,direct,4,13,money_laundering:13,sbert,sentence-transformers/all-MiniLM-L6-v2,0.42,2,0.35
fincen_advisory_pdfs\advis2.pdf,advis2.pdf,,Advisory,FinCEN Advisory - Issue 2,03/01/1996,fincen_advisories.csv,8acafa1632adf29bedeb4314e6a9b702aee3dbe3c871aa544e5bedf08b93a9e5,direct,4,6,money_laundering:6,sbert,sentence-transformers/all-MiniLM-L6-v2,0.42,2,0.35
fincen_advisory_pdfs\advis21.pdf,advis21.pdf,,Advisory,FinCEN Advisory - Issue 21,07/01/2000,fincen_advisories.csv,7bacd3a360fac89887b796820044e5362268cba1919c2ef6655f34b9221e2d60,direct,3,8,money_laundering:8,sbert,sentence-transformers/all-MiniLM-L6-v2,0.42,2,0.35
fincen_advisory_pdfs\advis21a.pdf,advis21a.pdf,,Advisory,Advisory Updated - Issue 21A,01/01/2002,fincen_advisories.csv,b1a9fda67872c26c7106e8e70a0ddf27e914d905b89330bf49d99bd1edb8d44c,direct,2,0,,sbert,sentence-transformers/all-MiniLM-L6-v2,0.42,2,0.35
fincen_advisory_pdfs\advis22.pdf,advis22.pdf,,Advisory,FinCEN Advisory - Issue 22,07/01/2000,fincen_advisories.csv,ff627c04ee175fd28450c26ced42929470d150312d7489b4a99f17cfe8fba155,direct,3,7,money_laundering:7,sbert,sentence-transformers/all-MiniLM-L6-v2,0.42,2,0.35
fincen_advisory_pdfs\advis23.pdf,advis23.pdf,,Advisory,FinCEN Advisory - Issue 23,07/01/2000,fincen_advisories.csv,19deec970b8f5cdc8c7080008e9fec15c23b2aff175502d070853af00c857931,direct,3,13,money_laundering:13,sbert,sentence-transformers/all-MiniLM-L6-v2,0.42,2,0.35
fincen_advisory_pdfs\advis24.pdf,advis24.pdf,,Advisory,FinCEN Advisory - Issue 24,07/01/2000,fincen_advisories.csv,cc576ee689852f79943a1a1e186a8a0732a1a0104e22aa97fa8dd3ce62fd57f0,direct,3,13,money_laundering:13,sbert,sentence-transformers/all-MiniLM-L6-v2,0.42,2,0.35
fincen_advisory_pdfs\advis25.pdf,advis25.pdf,,Advisory,FinCEN Advisory - Issue 25,07/01/2000,fincen_advisories.csv,5c45276b8b3305293ebecedd95719a0801fddfcd4979157e0f7489e1728fdde4,direct,3,16,money_laundering:16,sbert,sentence-transformers/all-MiniLM-L6-v2,0.42,2,0.35
fincen_advisory_pdfs\advis26.pdf,advis26.pdf,,Advisory,FinCEN Advisory - Issue 26,07/01/2000,fincen_advisories.csv,64147eef21941629139c4745142c6ff9f3260b9d050b67a1401d8a1a1d20dc8d,direct,3,9,money_laundering:8; structuring_smurfing:1,sbert,sentence-transformers/all-MiniLM-L6-v2,0.42,2,0.35
fincen_advisory_pdfs\advis27.pdf,advis27.pdf,,Advisory,FinCEN Advisory - Issue 27,07/01/2000,fincen_advisories.csv,16f667d7e5b7d27c7a8960bb55260f9f80874f0d94d62bc44a9158fea46671dd,direct,3,7,money_laundering:7,sbert,sentence-transformers/all-MiniLM-L6-v2,0.42,2,0.35
fincen_advisory_pdfs\advis28.pdf,advis28.pdf,,Advisory,FinCEN Advisory - Issue 28,04/01/2002,fincen_advisories.csv,6064e1269cf0e8b355faeb41d665650ffa6f0d59950db0d85313a6c2abdd6b1a,direct,2,9,money_laundering:9,sbert,sentence-transformers/all-MiniLM-L6-v2,0.42,2,0.35
fincen_advisory_pdfs\advis29.pdf,advis29.pdf,,Advisory,FinCEN Advisory - Issue 29,04/01/2002,fincen_advisories.csv,787215e2d37dc843923960b358c9b5545de674c3f3f3add76ac780700f9adc52,direct,3,20,money_laundering:17; corruption_bribery:2; terrorist_financing:1,sbert,sentence-transformers/all-MiniLM-L6-v2,0.42,2,0.35
fincen_advisory_pdfs\advis30.pdf,advis30.pdf,,Advisory,FinCEN Advisory - Issue 30,04/01/2002,fincen_advisories.csv,842e294bd895978c8cb3a3b9699a3d6ee29fed965a3a6ba1df7ebc6542f37486,direct,3,11,money_laundering:11,sbert,sentence-transformers/all-MiniLM-L6-v2,0.42,2,0.35
fincen_advisory_pdfs\advis31.pdf,advis31.pdf,,Advisory,FinCEN Advisory - Issue 31,04/01/2002,fincen_advisories.csv,ff95d6a311bffd006b8cc381401509b008eaed73a5eba3d71c1577b0b6480835,direct,3,11,money_laundering:11,sbert,sentence-transformers/all-MiniLM-L6-v2,0.42,2,0.35
fincen_advisory_pdfs\advis32.pdf,advis32.pdf,,Advisory,FinCEN Advisory - Issue 32,04/01/2002,fincen_advisories.csv,8bbb38b45cd27ffd2713bc76bff5ca27499a23e11b801f10910429d10c28e1e8,direct,3,9,money_laundering:9,sbert,sentence-transformers/all-MiniLM-L6-v2,0.42,2,0.35
fincen_advisory_pdfs\advis33.pdf,advis33.pdf,,Advisory,FinCEN Advisory - Issue 33,03/01/2003,fincen_advisories.csv,042f47a943bd41532f87182a1351077757224b41cced2b819b6fdb7a986f0343,direct,11,17,money_laundering:16; terrorist_financing:1,sbert,sentence-transformers/all-MiniLM-L6-v2,0.42,2,0.35
fincen_advisory_pdfs\advis34.pdf,advis34.pdf,,Advisory,FinCEN Advisory - Issue 34,12/01/2003,fincen_advisories.csv,3c47929658b180004d9f839a727d838e467e874124936ec8d670d84db1ade16a,direct,2,0,,sbert,sentence-transformers/all-MiniLM-L6-v2,0.42,2,0.35
fincen_advisory_pdfs\Advisory%20EIP%20FINAL%20508.pdf,Advisory%20EIP%20FINAL%20508.pdf,FIN-2021-A002,Advisory,FinCEN Advisory FIN-2021-A002,02/24/2021,fincen_advisories.csv,e40808f4ef76fe9e2843c2c2f0071b5bbc74f1b35388a6d7f4fbff21835f5cfe,direct,6,24,money_laundering:20; check_fraud:2; crypto_virtual_assets:1; mortgage_financial_aid_fraud:1,sbert,sentence-transformers/all-MiniLM-L6-v2,0.42,2,0.35
fincen_advisory_pdfs\Advisory%20Human%20Trafficking%20508%20FINAL_0.pdf,Advisory%20Human%20Trafficking%20508%20FINAL_0.pdf,FIN-2020-A008,Advisory,FinCEN Advisory FIN-2020-A008,10/15/2020,fincen_advisories.csv,d3734a94233ec1198de0c2141dc4b988e23c06e3f42002641926b14e9e3651a4,direct,11,117,human_trafficking:79; money_laundering:29; sanctions_evasion:6; terrorist_financing:1; crypto_virtual_assets:1,sbert,sentence-transformers/all-MiniLM-L6-v2,0.42,2,0.35
fincen_advisory_pdfs\Advisory%20Medical%20Fraud%20Covid%2019%20FINAL%20508.pdf,Advisory%20Medical%20Fraud%20Covid%2019%20FINAL%20508.pdf,FIN-2020-A002,Advisory,FinCEN Advisory FIN-2020-A002,05/18/2020,fincen_advisories.csv,de748a4ca1a5839d97ce02a15e304bb663a86713f7b8f7ce43b61dae1ec71dce,direct,9,32,money_laundering:27; terrorist_financing:3; corruption_bribery:1; healthcare_fraud:1,sbert,sentence-transformers/all-MiniLM-L6-v2,0.42,2,0.35
fincen_advisory_pdfs\Advisory%20Ransomware%20FINAL%20508_2020%20rescinded.pdf,Advisory%20Ransomware%20FINAL%20508_2020%20rescinded.pdf,FIN-2020-A006,Advisory,FinCEN Advisory FIN-2020-A006,10/01/2020,fincen_advisories.csv,9a1f5e7e7b58dbf4337f78fa7bafc970a590807ce052b63368188ba3049c6a95,direct,8,133,ransomware:85; money_laundering:42; terrorist_financing:4; structuring_smurfing:1; crypto_virtual_assets:1,sbert,sentence-transformers/all-MiniLM-L6-v2,0.42,2,0.35
fincen_advisory_pdfs\Advisory%20Unemployment%20Insurance%20COVID%2019%20508%20Final.pdf,Advisory%20Unemployment%20Insurance%20COVID%2019%20508%20Final.pdf,FIN-2020-A007,Advisory,FinCEN Advisory FIN-2020-A007,10/13/2020,fincen_advisories.csv,32ad52b46a71018c2a19ca19f812042f99cfdb2e131a8f925bbfae11a726d370,direct,4,20,money_laundering:19; sanctions_evasion:1,sbert,sentence-transformers/all-MiniLM-L6-v2,0.42,2,0.35
fincen_advisory_pdfs\advisory.pdf,advisory.pdf,,Advisory,FinCEN Advisory – Issue 40,12/01/2005,fincen_advisories.csv,34be7ebb4b4aa5cc99b3199c9d8c637792af90f55cca614cb8f88dacb25e0370,direct,2,5,sanctions_evasion:3; money_laundering:2,sbert,sentence-transformers/all-MiniLM-L6-v2,0.42,2,0.35
fincen_advisory_pdfs\Advisory_%20Imposter_and_Money_Mule_COVID_19_508_FINAL.pdf,Advisory_%20Imposter_and_Money_Mule_COVID_19_508_FINAL.pdf,FIN-2020-A003,Advisory,FinCEN Advisory FIN-2020-A003,07/07/2020,fincen_advisories.csv,04a4d829270609de42b65e14cfe95bce6f6380a698f60da066077ec5fbf2cf20,direct,8,19,money_laundering:19,sbert,sentence-transformers/all-MiniLM-L6-v2,0.42,2,0.35
fincen_advisory_pdfs\advissu1.pdf,advissu1.pdf,,Advisory,FinCEN Advisory - Issue 1,03/01/1996,fincen_advisories.csv,b9780be812085d15f69fe974e3412c13b91f9f15ce22e81162677fc8bf8dd53e,direct,4,21,money_laundering:19; structuring_smurfing:2,sbert,sentence-transformers/all-MiniLM-L6-v2,0.42,2,0.35
fincen_advisory_pdfs\advissu3.pdf,advissu3.pdf,,Advisory,FinCEN Advisory - Issue 3,06/01/1996,fincen_advisories.csv,7f051652bbd570c840aec7676f7529432f755eb37f4a896c55831e7364829c54,direct,9,2,money_laundering:2,sbert,sentence-transformers/all-MiniLM-L6-v2,0.42,2,0.35
fincen_advisory_pdfs\advissu4.pdf,advissu4.pdf,,Advisory,FinCEN Advisory - Issue 4,08/01/1996,fincen_advisories.csv,b309a6d7dd0c15801ac2b1b8598d819498730e48eaadfc2bfa57345e169bda4d,direct,16,101,money_laundering:90; terrorist_financing:4; corruption_bribery:4; sanctions_evasion:3,sbert,sentence-transformers/all-MiniLM-L6-v2,0.42,2,0.35
fincen_advisory_pdfs\advissu6.pdf,advissu6.pdf,,Advisory,FinCEN Advisory - Issue 6,10/01/1996,fincen_advisories.csv,692a526535aa8e69998a7d2a16517ecb48f52cb0a3cac41474eb9a90067ccf56,direct,3,2,money_laundering:2,sbert,sentence-transformers/all-MiniLM-L6-v2,0.42,2,0.35
fincen_advisory_pdfs\advissu7.pdf,advissu7.pdf,,Advisory,FinCEN Advisory - Issue 7,01/01/1997,fincen_advisories.csv,95552de079a9d3f6c4841e86dd42933ee5ee591e9576839d1d2bae073d82b157,direct,8,5,money_laundering:5,sbert,sentence-transformers/all-MiniLM-L6-v2,0.42,2,0.35
fincen_advisory_pdfs\advisu9.pdf,advisu9.pdf,,Advisory,FinCEN Advisory - Issue 9,11/01/1997,fincen_advisories.csv,1cef348cb2ebec643eac696945799f22f07658912771af5f22784b90ba98b99f,direct,6,12,money_laundering:10; structuring_smurfing:2,sbert,sentence-transformers/all-MiniLM-L6-v2,0.42,2,0.35
fincen_advisory_pdfs\COVID-19%20Health%20Care%20508%20Final.pdf,COVID-19%20Health%20Care%20508%20Final.pdf,FIN-2021-A001,Advisory,FinCEN Advisory FIN-2021-A001,02/02/2021,fincen_advisories.csv,874438ad2960fee4c103f5975c0c883d1050a69986780f0c2fc1cb970cd4b73a,direct,8,58,money_laundering:28; healthcare_fraud:15; mortgage_financial_aid_fraud:9; corruption_bribery:5; structuring_smurfing:1,sbert,sentence-transformers/all-MiniLM-L6-v2,0.42,2,0.35
fincen_advisory_pdfs\Cyber%20Threats%20Advisory%20-%20FINAL%20508_2.pdf,Cyber%20Threats%20Advisory%20-%20FINAL%20508_2.pdf,FIN-2016-A005,Advisory,FinCEN Advisory - FIN-2016-A005,10/25/2016,fincen_advisories.csv,9c9724ace9fb6eb2a0b0aebebb694633b92369a3c769615e003a7120262421dd,direct,9,89,money_laundering:86; terrorist_financing:1; ransomware:1; bec_business_email_compromise:1,sbert,sentence-transformers/all-MiniLM-L6-v2,0.42,2,0.35
fincen_advisory_pdfs\DPRK%20Advisory%20FINAL%20508%20C.pdf,DPRK%20Advisory%20FINAL%20508%20C.pdf,FIN-2017-A008,Advisory,FinCEN Advisory FIN-2017-A008,11/02/2017,fincen_advisories.csv,4d3af1525bd9e751247b4a74cdc176271e4fff103e2ce9af052531dd23cea1d1,direct,11,107,terrorist_financing:46; money_laundering:31; sanctions_evasion:30,sbert,sentence-transformers/all-MiniLM-L6-v2,0.42,2,0.35
fincen_advisory_pdfs\DPRK%20Financing%20Advisory%20%28v16%29%2Blanguage2.pdf,DPRK%20Financing%20Advisory%20%28v16%29%2Blanguage2.pdf,FIN-2017-A007,Advisory,FinCEN Advisory FIN-2017-A007,09/22/2017,fincen_advisories.csv,378d60ded469ac213d21ec79f188ceb5a0bd682c4defcac19e45253e80e83893,direct,9,91,terrorist_financing:45; sanctions_evasion:28; money_laundering:18,sbert,sentence-transformers/all-MiniLM-L6-v2,0.42,2,0.35
fincen_advisory_pdfs\FAFT_Advisory_March_final_508.pdf,FAFT_Advisory_March_final_508.pdf,FIN-2019-A001,Advisory,FinCEN Advisory FIN-2019-A001,03/08/2019,fincen_advisories.csv,79a1a0fefffbfadc3a8f0c2708e03291e3b6eb985f789f00d57f7a015bb28752,direct,12,147,terrorist_financing:82; money_laundering:58; sanctions_evasion:6; corruption_bribery:1,sbert,sentence-transformers/all-MiniLM-L6-v2,0.42,2,0.35
fincen_advisory_pdfs\faqsfinalciprule.pdf,faqsfinalciprule.pdf,,Advisory,Interagency Advisory - Issue 39,04/01/2005,fincen_advisories.csv,ee251dbf5340ed19d237bf7f0df04908253d6139960d2760d0ae192c32ba61ff,direct,14,4,money_laundering:2; terrorist_financing:2,sbert,sentence-transformers/all-MiniLM-L6-v2,0.42,2,0.35
fincen_advisory_pdfs\FATF%20Advisory%20June%202019%20FINAL%20508.pdf,FATF%20Advisory%20June%202019%20FINAL%20508.pdf,FIN-2019-A004,Advisory,FinCEN Advisory FIN-2019-A004,07/12/2019,fincen_advisories.csv,c66d16f07d251657a6fad8e930cdda07b675fb293c6c8169860267db8f4957b2,direct,14,164,terrorist_financing:90; money_laundering:66; sanctions_evasion:7; corruption_bribery:1,sbert,sentence-transformers/all-MiniLM-L6-v2,0.42,2,0.35
fincen_advisory_pdfs\FATF%20Advisory%20Oct_FINAL%20508.pdf,FATF%20Advisory%20Oct_FINAL%20508.pdf,FIN-2018-A007,Advisory,FinCEN Advisory FIN-2018-A007,10/31/2018,fincen_advisories.csv,1b121ac55f57775053b54ce871891e2b2733a777dfc86431969694b2a641dcdb,direct,11,140,terrorist_financing:79; money_laundering:55; sanctions_evasion:6,sbert,sentence-transformers/all-MiniLM-L6-v2,0.42,2,0.35
fincen_advisory_pdfs\FATF%20Advisory%20October%202019%20FINAL_508.pdf,FATF%20Advisory%20October%202019%20FINAL_508.pdf,FIN-2019-A007,Advisory,FinCEN Advisory FIN-2019-A007,11/12/2019,fincen_advisories.csv,87cf6e3d0764fcb041471e773db7c6875da58eb6e3b264ac8e6c8379adc55366,direct,17,203,terrorist_financing:114; money_laundering:76; sanctions_evasion:10; corruption_bribery:2; ransomware:1,sbert,sentence-transformers/all-MiniLM-L6-v2,0.42,2,0.35
fincen_advisory_pdfs\FATF%20Advisory_FIN-2018-001_0.pdf,FATF%20Advisory_FIN-2018-001_0.pdf,FIN-2018-A001,Advisory,FinCEN Advisory FIN-2018-A001,02/09/2018,fincen_advisories.csv,c80ea427f30e557a99d9b33ea9b116f1d59ebe3f853eb26d4be8a1bda833ed8a,direct,9,94,money_laundering:52; terrorist_financing:40; sanctions_evasion:2,sbert,sentence-transformers/all-MiniLM-L6-v2,0.42,2,0.35
fincen_advisory_pdfs\FATF%20February%202020%20Advisory%20FINAL%20508_0.pdf,FATF%20February%202020%20Advisory%20FINAL%20508_0.pdf,FIN-2020-A001,Advisory,FinCEN Advisory FIN-2020-A001,03/26/2020,fincen_advisories.csv,23c83cde118be68f43ce3a49552de6954b93d52f5adea569094be19d90d22892,direct,8,91,money_laundering:51; terrorist_financing:38; sanctions_evasion:1; corruption_bribery:1,sbert,sentence-transformers/all-MiniLM-L6-v2,0.42,2,0.35
fincen_advisory_pdfs\FATF%20February%202021%20Advisory%20FINAL%20508.pdf,FATF%20February%202021%20Advisory%20FINAL%20508.pdf,FIN-2021-A003,Advisory,FinCEN Advisory FIN-2021-A003,03/11/2021,fincen_advisories.csv,eea8a5de20f076c2f741f5357e0b292c1a131faddd4c6c8d36e0edf985607cf9,direct,5,47,money_laundering:35; terrorist_financing:11; corruption_bribery:1,sbert,sentence-transformers/all-MiniLM-L6-v2,0.42,2,0.35
fincen_advisory_pdfs\FATF%20October%202020%20Advisory%20FINAL%20508.pdf,FATF%20October%202020%20Advisory%20FINAL%20508.pdf,FIN-2020-A009,Advisory,FinCEN Advisory FIN-2020-A009,11/06/2020,fincen_advisories.csv,a1c890f01c56ea6b6803bcfed34ed9e2fd5aed6087fe347d66a0e41ef5480431,direct,4,42,money_laundering:32; terrorist_financing:9; corruption_bribery:1,sbert,sentence-transformers/all-MiniLM-L6-v2,0.42,2,0.35
fincen_advisory_pdfs\FATF_Advisory_September_2018_FINAL_508_0.pdf,FATF_Advisory_September_2018_FINAL_508_0.pdf,FIN-2018-A004,Advisory,FinCEN Advisory FIN-2018-A004,09/21/2018,fincen_advisories.csv,1364c6da25820c64aa281e316413aa7dace9a1e9fc39891a3a82e00b96d2b969,direct,12,163,terrorist_financing:91; money_laundering:66; sanctions_evasion:6,sbert,sentence-transformers/all-MiniLM-L6-v2,0.42,2,0.35
fincen_advisory_pdfs\FATF_June_2020_Advisory_FINAL_508.pdf,FATF_June_2020_Advisory_FINAL_508.pdf,FIN-2020-A004,Advisory,FinCEN Advisory FIN-2020-A004,07/14/2020,fincen_advisories.csv,0fa649e161716526ab96af1007886e8ad0dd18943ed253745653f431923d261f,direct,4,44,money_laundering:34; terrorist_financing:9; corruption_bribery:1,sbert,sentence-transformers/all-MiniLM-L6-v2,0.42,2,0.35
fincen_advisory_pdfs\Fentanyl%20Advisory%20FINAL%20508.pdf,Fentanyl%20Advisory%20FINAL%20508.pdf,FIN-2019-A006,Advisory,FinCEN Advisory FIN-2019-A006,08/21/2019,fincen_advisories.csv,078ed535e3c0c53029f0040fd085b3d82de608ba48b472579bd5b1da574c7e7d,direct,18,79,money_laundering:43; terrorist_financing:15; trade_based_money_laundering:15; structuring_smurfing:5; sanctions_evasion:1,sbert,sentence-transformers/all-MiniLM-L6-v2,0.42,2,0.35
fincen_advisory_pdfs\fin-2008-a002.pdf,fin-2008-a002.pdf,FIN-2008-A002,Advisory,FinCEN Advisory – FIN-2008-A002,03/20/2008,fincen_advisories.csv,c7bf4e1d725860e50854988fc7c47af524f28a4de517ee9bb42712c90e72f011,direct,4,16,money_laundering:9; terrorist_financing:7,sbert,sentence-transformers/all-MiniLM-L6-v2,0.42,2,0.35
fincen_advisory_pdfs\fin-2008-a003.pdf,fin-2008-a003.pdf,FIN-2008-A003,Advisory,FinCEN Advisory – FIN-2008-A003,03/20/2008,fincen_advisories.csv,850e3930443e60f68117eee340cca2b7706a41ef93470dce07af7f9f1f8064b0,direct,2,14,money_laundering:13; terrorist_financing:1,sbert,sentence-transformers/all-MiniLM-L6-v2,0.42,2,0.35
fincen_advisory_pdfs\fin-2008-a005.pdf,fin-2008-a005.pdf,FIN-2008-A005,Advisory,FinCEN Advisory – FIN-2008-A005,04/28/2008,fincen_advisories.csv,28b724131d116e6a0f2d537aa577b25b9aec6d9dd12c56950fb90d9b70f84e6a,direct,1,4,money_laundering:4,sbert,sentence-transformers/all-MiniLM-L6-v2,0.42,2,0.35
fincen_advisory_pdfs\fin-2008-g004.pdf,fin-2008-g004.pdf,FIN-2008-G004,Advisory,FinCEN Guidance-FIN-2008-G004(Replaces 10/31/05 FAQs),03/20/2008,fincen_advisories.csv,db28a80bc8ee7d19d851ed5a54457d61aab06ed910cecf71208a03e83eab9c39,direct,11,61,money_laundering:59; terrorist_financing:2,sbert,sentence-transformers/all-MiniLM-L6-v2,0.42,2,0.35
fincen_advisory_pdfs\fin-2008-g005.pdf,fin-2008-g005.pdf,FIN-2008-G005,Advisory,FinCEN Guidance-FIN-2008-G005,04/17/2008,fincen_advisories.csv,15cd6ce488b663503871d61fd3158824400da299656b4da8b3d0dcb828d313e0,direct,2,14,corruption_bribery:10; money_laundering:3; sanctions_evasion:1,sbert,sentence-transformers/all-MiniLM-L6-v2,0.42,2,0.35
fincen_advisory_pdfs\fin-2008-g007.pdf,fin-2008-g007.pdf,FIN-2008-G007,Advisory,FinCEN Guidance-FIN-2008-G007,07/31/2008,fincen_advisories.csv,a23e69e48488cfd4b8fba74c81bc7f2e5639c15960effcbce279bd1175587e59,direct,4,8,money_laundering:6; terrorist_financing:2,sbert,sentence-transformers/all-MiniLM-L6-v2,0.42,2,0.35
fincen_advisory_pdfs\fin-2008-g008.pdf,fin-2008-g008.pdf,FIN-2008-G008,Advisory,FinCEN Guidance-FIN-2008-G008,09/10/2008,fincen_advisories.csv,1cd8655b5ed7e7b77eb7a240c43e4d74bea7d51088830f379367035ff865e50d,direct,3,1,money_laundering:1,sbert,sentence-transformers/all-MiniLM-L6-v2,0.42,2,0.35
fincen_advisory_pdfs\fin-2009-a001.pdf,fin-2009-a001.pdf,FIN-2009-A001,Advisory,FinCEN Advisory – FIN-2009-A001,04/06/2009,fincen_advisories.csv,ece81d6b429190c60cfefd427d262087516479f4510926621af275ef2af44c22,direct,4,9,money_laundering:3; sanctions_evasion:3; mortgage_financial_aid_fraud:2; terrorist_financing:1,sbert,sentence-transformers/all-MiniLM-L6-v2,0.42,2,0.35
fincen_advisory_pdfs\fin-2009-a002.pdf,fin-2009-a002.pdf,FIN-2009-A002,Advisory,FinCEN Advisory – FIN-2009-A002,06/18/2009,fincen_advisories.csv,69402ff6a9272ea68efe305cf0cf71ac12a63338000d62916d8af18f3e32e25e,direct,3,10,sanctions_evasion:4; money_laundering:3; terrorist_financing:3,sbert,sentence-transformers/all-MiniLM-L6-v2,0.42,2,0.35
fincen_advisory_pdfs\fin-2009-a003.pdf,fin-2009-a003.pdf,FIN-2009-A003,Advisory,FinCEN Advisory – FIN-2009-A003,07/01/2009,fincen_advisories.csv,135c71b0f7779d334c4621167fbf49e6eb0cd9825dc38792c0267a5793010243,direct,3,38,money_laundering:25; structuring_smurfing:11; terrorist_financing:2,sbert,sentence-transformers/all-MiniLM-L6-v2,0.42,2,0.35
fincen_advisory_pdfs\fin-2009-a004.pdf,fin-2009-a004.pdf,FIN-2009-A004,Advisory,FinCEN Advisory – FIN-2009-A004,07/10/2009,fincen_advisories.csv,8237cbb6dd56d72217db6b0e89fa3f81bd580e556c6ee59c6ccfba60f31873ee,direct,3,34,money_laundering:27; terrorist_financing:7,sbert,sentence-transformers/all-MiniLM-L6-v2,0.42,2,0.35
fincen_advisory_pdfs\fin-2009-a005.pdf,fin-2009-a005.pdf,FIN-2009-A005,Advisory,FinCEN Advisory – FIN-2009-A005,07/23/2009,fincen_advisories.csv,b655b9b592013fd11baa1ee5625c5c67250a014507fa471f2e5932d98bbbece2,direct,1,3,money_laundering:3,sbert,sentence-transformers/all-MiniLM-L6-v2,0.42,2,0.35
fincen_advisory_pdfs\fin-2009-a006.pdf,fin-2009-a006.pdf,FIN-2009-A006,Advisory,FinCEN Advisory – FIN-2009-A006,10/14/2009,fincen_advisories.csv,d615b80def4b5c059c9efea88768282d6eefac33c32943179d85329490d5e42e,direct,6,18,money_laundering:16; sanctions_evasion:1; corruption_bribery:1,sbert,sentence-transformers/all-MiniLM-L6-v2,0.42,2,0.35
fincen_advisory_pdfs\fin-2009-a007.pdf,fin-2009-a007.pdf,FIN-2009-A007,Advisory,FinCEN Advisory – FIN-2009-A007,10/29/2009,fincen_advisories.csv,dd0d5271be875e7b6ce7beb87295350c8fccb2a98cb9c107886b8fde7e498e11,direct,4,41,money_laundering:32; terrorist_financing:9,sbert,sentence-transformers/all-MiniLM-L6-v2,0.42,2,0.35
fincen_advisory_pdfs\fin-2009-g001.pdf,fin-2009-g001.pdf,FIN-2009-G001,Advisory,FinCEN Guidance– FIN-2009-G001,04/27/2009,fincen_advisories.csv,8766646c11b1cbf8fd2d348152159c902fbea59095c1f92ede2cb79e4b63c8c1,direct,4,3,money_laundering:2; terrorist_financing:1,sbert,sentence-transformers/all-MiniLM-L6-v2,0.42,2,0.35
fincen_advisory_pdfs\fin-2009-g002.pdf,fin-2009-g002.pdf,FIN-2009-G002,Advisory,FinCEN Guidance – FIN-2009-G002,06/16/2009,fincen_advisories.csv,cd79f7e7f735414799e16c88402b0b12ad64af8383ecb8475f6d2acb99bc81f2,direct,2,9,money_laundering:8; mortgage_financial_aid_fraud:1,sbert,sentence-transformers/all-MiniLM-L6-v2,0.42,2,0.35
fincen_advisory_pdfs\fin-2010-a001.pdf,fin-2010-a001.pdf,FIN-2010-A001,Advisory,FinCEN Advisory – FIN-2010-A001,02/18/2010,fincen_advisories.csv,fd2008f943dbcfb3198ee7a1a696680b91824878aa9aae7deac8a190c2b9bf4b,direct,8,89,money_laundering:54; trade_based_money_laundering:31; structuring_smurfing:3; terrorist_financing:1,sbert,sentence-transformers/all-MiniLM-L6-v2,0.42,2,0.35
fincen_advisory_pdfs\fin-2010-a002.pdf,fin-2010-a002.pdf,FIN-2010-A002,Advisory,FinCEN Advisory - FIN-2010-A002,03/18/2010,fincen_advisories.csv,ce46802ad39844aabd04f06cb459fbf28d6141fb259c5fc7e885258952598006,direct,7,48,money_laundering:37; terrorist_financing:11,sbert,sentence-transformers/all-MiniLM-L6-v2,0.42,2,0.35
fincen_advisory_pdfs\fin-2010-a003.pdf,fin-2010-a003.pdf,FIN-2010-A003,Advisory,FinCEN Advisory - FIN-2010-A003,03/18/2010,fincen_advisories.csv,6ff536e9587aea24042f6c74546da0781a49fe92362b34dcfbba0d45f657d40f,direct,10,51,money_laundering:42; terrorist_financing:9,sbert,sentence-transformers/all-MiniLM-L6-v2,0.42,2,0.35
fincen_advisory_pdfs\fin-2010-a004.pdf,fin-2010-a004.pdf,FIN-2010-A004,Advisory,FinCEN Advisory – FIN-2010-A004,03/29/2010,fincen_advisories.csv,1cb2c49a0c114e385c7d86277ffd1f3057327f0257ceae2d446135f133b0e384,direct,2,8,money_laundering:8,sbert,sentence-transformers/all-MiniLM-L6-v2,0.42,2,0.35
fincen_advisory_pdfs\fin-2010-a005.pdf,fin-2010-a005.pdf,FIN-2010-A005,Advisory,FinCEN Advisory - FIN-2010-A005,04/27/2010,fincen_advisories.csv,3cdb84d58dbe3e30389f589464d126fa90dcfd054b9f763bbd26b78fb2c3e80d,direct,7,24,money_laundering:14; mortgage_financial_aid_fraud:8; terrorist_financing:1; sanctions_evasion:1,sbert,sentence-transformers/all-MiniLM-L6-v2,0.42,2,0.35
fincen_advisory_pdfs\fin-2010-a006.pdf,fin-2010-a006.pdf,FIN-2010-A006,Advisory,FinCEN Advisory – FIN-2010-A006,06/17/2010,fincen_advisories.csv,08dd61f90943e045c064b6de559864acf9c91603f735328436283d0836df4a7b,direct,5,30,money_laundering:26; mortgage_financial_aid_fraud:2; structuring_smurfing:1; sanctions_evasion:1,sbert,sentence-transformers/all-MiniLM-L6-v2,0.42,2,0.35
fincen_advisory_pdfs\fin-2010-a007.pdf,fin-2010-a007.pdf,FIN-2010-A007,Advisory,FinCEN Advisory – FIN-2010-A007,06/21/2010,fincen_advisories.csv,213a0f2a5f0f1c679e68a9cc19e86b8287ca5afa7af52ec99ffc90c4517bdc40,direct,7,22,money_laundering:20; terrorist_financing:1; trade_based_money_laundering:1,sbert,sentence-transformers/all-MiniLM-L6-v2,0.42,2,0.35
fincen_advisory_pdfs\fin-2010-a008.pdf,fin-2010-a008.pdf,FIN-2010-A008,Advisory,FinCEN Advisory - FIN-2010-A008,06/22/2010,fincen_advisories.csv,dfe5d8f60e9de912656cf1b3d89a8307c65806d1bd9aaa1bd0c08ce9df6f9241,direct,8,28,terrorist_financing:18; money_laundering:10,sbert,sentence-transformers/all-MiniLM-L6-v2,0.42,2,0.35
fincen_advisory_pdfs\FIN-2010-A009.pdf,FIN-2010-A009.pdf,FIN-2010-A009,Advisory,FinCEN Advisory – FIN-2010-A009,07/16/2010,fincen_advisories.csv,70063b62c603faa62531fe27966d166739b4a24fc2cd1ea3e78b8ce45feb9dcb,direct,12,88,money_laundering:71; terrorist_financing:17,sbert,sentence-transformers/all-MiniLM-L6-v2,0.42,2,0.35
fincen_advisory_pdfs\FIN-2010-A010.pdf,FIN-2010-A010.pdf,FIN-2010-A010,Advisory,FinCEN Advisory – FIN-2010-A010,07/17/2010,fincen_advisories.csv,4174464317fd943a889896592cbb542572fb1ad78228a686acf552693fe8d89e,direct,5,46,money_laundering:32; terrorist_financing:14,sbert,sentence-transformers/all-MiniLM-L6-v2,0.42,2,0.35
fincen_advisory_pdfs\FIN-2010-A012.pdf,FIN-2010-A012.pdf,FIN-2010-A012,Advisory,FinCEN Advisory - FIN-2010-A012,11/20/2010,fincen_advisories.csv,aa1d43c66514a280b092918f9182ed3aa4083ed79b834019046e1a18780aef14,direct,5,40,money_laundering:27; terrorist_financing:13,sbert,sentence-transformers/all-MiniLM-L6-v2,0.42,2,0.35
fincen_advisory_pdfs\FIN-2010-A013.pdf,FIN-2010-A013.pdf,FIN-2010-A013,Advisory,FinCEN Advisory – FIN-2010-A013,11/20/2010,fincen_advisories.csv,fbb5d4b0599b12286fa05f04686ea31856eb7fc86ac91d86481c947fb62ff0c2,direct,15,108,money_laundering:91; terrorist_financing:17,sbert,sentence-transformers/all-MiniLM-L6-v2,0.42,2,0.35
fincen_advisory_pdfs\FIN-2010-A014.pdf,FIN-2010-A014.pdf,FIN-2010-A014,Advisory,FinCEN Advisory – FIN-2010-A014,11/23/2010,fincen_advisories.csv,e6eadb886d78cfdb050b5d971534bff84cbe17239f18f38c1eaca60199ecc2e8,direct,2,41,money_laundering:40; terrorist_financing:1,sbert,sentence-transformers/all-MiniLM-L6-v2,0.42,2,0.35
fincen_advisory_pdfs\FIN-2010-A11-updated_508.pdf,FIN-2010-A11-updated_508.pdf,FIN-2010-A011,Advisory,FinCEN Advisory – FIN-2010-A011,09/01/2010,fincen_advisories.csv,cd4a0bec0a1c9714feae0b6ec71a7498eec5cdfd04d57b890c1b8884765df5da,direct,3,8,money_laundering:7; terrorist_financing:1,sbert,sentence-transformers/all-MiniLM-L6-v2,0.42,2,0.35
fincen_advisory_pdfs\FIN-2011-A001.pdf,FIN-2011-A001.pdf,FIN-2011-A001,Advisory,FinCEN Advisory – FIN-2011-A001,01/20/2011,fincen_advisories.csv,ed5ff49f650de11994119d6fa20d0014fb9a73c8065076480abf2f7ca74325ca,direct,2,10,corruption_bribery:6; money_laundering:3; terrorist_financing:1,sbert,sentence-transformers/all-MiniLM-L6-v2,0.42,2,0.35
fincen_advisory_pdfs\fin-2011-a002.pdf,fin-2011-a002.pdf,FIN-2011-A002,Advisory,FinCEN Advisory - FIN-2011-A002,02/16/2011,fincen_advisories.csv,66d58e20c37ff974c8dd728ce4940467329e6c21613782095b63ff88dc216f21,direct,2,10,corruption_bribery:6; money_laundering:3; terrorist_financing:1,sbert,sentence-transformers/all-MiniLM-L6-v2,0.42,2,0.35
fincen_advisory_pdfs\fin-2011-a003.pdf,fin-2011-a003.pdf,FIN-2011-A003,Advisory,FinCEN Advisory - FIN-2011-A003,02/22/2011,fincen_advisories.csv,0f36ef8d64282f5577cc1f9f7caa487ac8cb2cab3c858982a5c1d7dd26573d8f,direct,3,11,money_laundering:11,sbert,sentence-transformers/all-MiniLM-L6-v2,0.42,2,0.35
fincen_advisory_pdfs\FIN-2011-A004.pdf,FIN-2011-A004.pdf,FIN-2011-A004,Advisory,FinCEN Advisory – FIN-2011-A004,02/24/2011,fincen_advisories.csv,56785e089ebe4830668d096fca08f3f55426598806978bcad8563fec18605936,direct,2,10,corruption_bribery:6; money_laundering:3; terrorist_financing:1,sbert,sentence-transformers/all-MiniLM-L6-v2,0.42,2,0.35
fincen_advisory_pdfs\FIN-2011-A005.pdf,FIN-2011-A005.pdf,FIN-2011-A005,Advisory,FinCEN Advisory – FIN-2011-A005,03/20/2011,fincen_advisories.csv,32db05e7c2d81c5e4d62d2ce6a63aaef8385559abad20dfaf77a020d9d36097e,direct,13,92,money_laundering:72; terrorist_financing:20,sbert,sentence-transformers/all-MiniLM-L6-v2,0.42,2,0.35
fincen_advisory_pdfs\FIN-2011-A006.pdf,FIN-2011-A006.pdf,FIN-2011-A006,Advisory,FinCEN Advisory - FIN-2011-A006,03/21/2011,fincen_advisories.csv,4bf805fd4e91441b3a0f0a82ef4eea8a67ec34f35967d17bc5774afbf3b81a67,direct,4,35,money_laundering:25; terrorist_financing:10,sbert,sentence-transformers/all-MiniLM-L6-v2,0.42,2,0.35
fincen_advisory_pdfs\FIN-2011-A007.pdf,FIN-2011-A007.pdf,FIN-2011-A007,Advisory,FinCEN Advisory – FIN-2011-A007,03/30/2011,fincen_advisories.csv,ea32f9ee170e21769f37c0841ae3fd1c61404441989eaa46fd3e5c3dde609dc0,direct,3,12,money_laundering:10; terrorist_financing:1; mortgage_financial_aid_fraud:1,sbert,sentence-transformers/all-MiniLM-L6-v2,0.42,2,0.35
fincen_advisory_pdfs\FIN-2011-A008.pdf,FIN-2011-A008.pdf,FIN-2011-A008,Advisory,FinCEN Advisory – FIN-2011-A008,04/15/2011,fincen_advisories.csv,52684200fa6c1cd6f295111c1bff833f53fbcd60de77158991f71628cc6e685e,direct,2,5,money_laundering:4; terrorist_financing:1,sbert,sentence-transformers/all-MiniLM-L6-v2,0.42,2,0.35
fincen_advisory_pdfs\FIN-2011-A009.pdf,FIN-2011-A009.pdf,FIN-2011-A009,Advisory,FinCEN Advisory – FIN-2011-A009,04/21/2011,fincen_advisories.csv,f69d2c23e8e7afcf262fdc381d39e83bd5de61d17ac1516415f257595eb1f343,direct,2,9,money_laundering:6; structuring_smurfing:2; terrorist_financing:1,sbert,sentence-transformers/all-MiniLM-L6-v2,0.42,2,0.35
fincen_advisory_pdfs\FIN-2011-A010.pdf,FIN-2011-A010.pdf,FIN-2011-A010,Advisory,FinCEN Advisory – FIN-2011-A010,07/08/2011,fincen_advisories.csv,2fe85d5a49062cd2da6c98dbb21bd42a5c6b80a173984535419e1d2fa05ea814,direct,3,22,corruption_bribery:10; money_laundering:7; terrorist_financing:5,sbert,sentence-transformers/all-MiniLM-L6-v2,0.42,2,0.35
fincen_advisory_pdfs\FIN-2011-A011.pdf,FIN-2011-A011.pdf,FIN-2011-A011,Advisory,FinCEN Advisory – FIN-2011-A011,07/12/2011,fincen_advisories.csv,f7d865379619eb482fe2e6e17eb4a0e1ed3a79bc32c47aa42646e94d39f5b89c,direct,14,97,money_laundering:82; terrorist_financing:15,sbert,sentence-transformers/all-MiniLM-L6-v2,0.42,2,0.35
fincen_advisory_pdfs\FIN-2011-A012.pdf,FIN-2011-A012.pdf,FIN-2011-A012,Advisory,FinCEN Advisory - FIN-2011-A012,07/13/2011,fincen_advisories.csv,723715fd0b5ab1095b0093620f8c841c182b3825b2739069da83a52e21e01e08,direct,7,65,money_laundering:48; terrorist_financing:17,sbert,sentence-transformers/all-MiniLM-L6-v2,0.42,2,0.35
fincen_advisory_pdfs\FIN-2011-A013.pdf,FIN-2011-A013.pdf,FIN-2011-A013,Advisory,FinCEN Advisory – FIN-2011-A013,08/10/2011,fincen_advisories.csv,795d31c49653703474af73fa3bf0ece1aa3ad9a67a998221a83cb2fac9b5c199,direct,2,11,money_laundering:7; terrorist_financing:3; structuring_smurfing:1,sbert,sentence-transformers/all-MiniLM-L6-v2,0.42,2,0.35
fincen_advisory_pdfs\FIN-2011-A014.pdf,FIN-2011-A014.pdf,FIN-2011-A014,Advisory,FinCEN Advisory – FIN-2011-A014,11/15/2011,fincen_advisories.csv,e6c7860f9990434458943a999d7aa7d03368a787269c9b7c751a9ca7a1c4549c,direct,14,89,money_laundering:73; terrorist_financing:16,sbert,sentence-transformers/all-MiniLM-L6-v2,0.42,2,0.35
fincen_advisory_pdfs\FIN-2011-A015.pdf,FIN-2011-A015.pdf,FIN-2011-A015,Advisory,FinCEN Advisory – FIN-2011-A015,11/15/2011,fincen_advisories.csv,e4e8df1d55ecb75e6c4383a028bd4dece4f64d47f572c586a4ff391f1da713b7,direct,8,62,money_laundering:43; terrorist_financing:19,sbert,sentence-transformers/all-MiniLM-L6-v2,0.42,2,0.35
fincen_advisory_pdfs\FIN-2011-A016.pdf,FIN-2011-A016.pdf,FIN-2011-A016,Advisory,FinCEN Advisory – FIN-2011-A016,12/19/2011,fincen_advisories.csv,4d335b2af1ab5899b7afb57e8d6f85eb6fe017c974a3165b1a246f51b1fde2bc,direct,2,10,money_laundering:9; terrorist_financing:1,sbert,sentence-transformers/all-MiniLM-L6-v2,0.42,2,0.35
fincen_advisory_pdfs\FIN-2012-A001.pdf,FIN-2012-A001.pdf,FIN-2012-A001,Advisory,FinCEN Advisory – FIN-2012-A001,02/15/2012,fincen_advisories.csv,79871dadfa543875ca903ab3ea57796e2ddb363150dbb59a3a409a58ecdc6a41,direct,2,19,money_laundering:18; terrorist_financing:1,sbert,sentence-transformers/all-MiniLM-L6-v2,0.42,2,0.35
fincen_advisory_pdfs\FIN-2012-A002.pdf,FIN-2012-A002.pdf,FIN-2012-A002,Advisory,FinCEN Advisory – FIN-2012-A002,03/02/2012,fincen_advisories.csv,0c50b6c5f837541a62fc087ddf11315d404807309187a60a2621b288534a2461,direct,3,40,money_laundering:39; terrorist_financing:1,sbert,sentence-transformers/all-MiniLM-L6-v2,0.42,2,0.35
fincen_advisory_pdfs\FIN-2012-A003.pdf,FIN-2012-A003.pdf,FIN-2012-A003,Advisory,FinCEN Advisory – FIN-2012-A003,03/06/2012,fincen_advisories.csv,c417a6b4b9fa7fcaf495462c0387bc4e09201dc80ec5d5acb6324312ac4aec2a,direct,13,98,money_laundering:83; terrorist_financing:15,sbert,sentence-transformers/all-MiniLM-L6-v2,0.42,2,0.35
fincen_advisory_pdfs\FIN-2012-A004.pdf,FIN-2012-A004.pdf,FIN-2012-A004,Advisory,FinCEN Advisory – FIN-2012-A004,03/07/2012,fincen_advisories.csv,45bc96cbea7bb5b0bc76726c3d4a89ecac00fb5b090704bdf37620aa30e22b63,direct,10,77,money_laundering:55; terrorist_financing:22,sbert,sentence-transformers/all-MiniLM-L6-v2,0.42,2,0.35
fincen_advisory_pdfs\FIN-2012-A005.pdf,FIN-2012-A005.pdf,FIN-2012-A005,Advisory,FinCEN Advisory – FIN-2012-A005,03/30/2012,fincen_advisories.csv,40bfd187c96059acd28f207065ee4c977e5ae8bb481621ba9bdd198088fe98e2,direct,3,5,money_laundering:5,sbert,sentence-transformers/all-MiniLM-L6-v2,0.42,2,0.35
fincen_advisory_pdfs\FIN-2012-A006.pdf,FIN-2012-A006.pdf,FIN-2012-A006,Advisory,FinCEN Advisory – FIN-2012-A006,07/18/2012,fincen_advisories.csv,854403103432e36fcfd4b29b8bfa4f41ae5b7fd019a48a7a5469e1f5df9ff546,direct,4,6,money_laundering:5; structuring_smurfing:1,sbert,sentence-transformers/all-MiniLM-L6-v2,0.42,2,0.35
fincen_advisory_pdfs\FIN-2012-A007.pdf,FIN-2012-A007.pdf,FIN-2012-A007,Advisory,FinCEN Advisory – FIN-2012-A007,07/19/2012,fincen_advisories.csv,11d0a30fafe817c736a763e026c898caf2902ad4ffa50e3f9c0564565e97570a,direct,11,144,money_laundering:121; terrorist_financing:23,sbert,sentence-transformers/all-MiniLM-L6-v2,0.42,2,0.35
fincen_advisory_pdfs\FIN-2012-A008.pdf,FIN-2012-A008.pdf,FIN-2012-A008,Advisory,FinCEN Advisory – FIN-2012-A008,07/20/2012,fincen_advisories.csv,2d1351c728d33415a0a5d2bb2cc7c7cf43003e2cf3fee3b5fded9d3cb09f71fd,direct,12,133,money_laundering:95; terrorist_financing:38,sbert,sentence-transformers/all-MiniLM-L6-v2,0.42,2,0.35
fincen_advisory_pdfs\FIN-2012-A009.pdf,FIN-2012-A009.pdf,FIN-2012-A009,Advisory,FinCEN Advisory – FIN-2012-A009,08/16/2012,fincen_advisories.csv,fb9d3747513a7b6d27015495b46d278efd26fe2974091eefcc17b60ea71022b7,direct,5,11,money_laundering:9; mortgage_financial_aid_fraud:2,sbert,sentence-transformers/all-MiniLM-L6-v2,0.42,2,0.35
fincen_advisory_pdfs\FIN-2012-A010.pdf,FIN-2012-A010.pdf,FIN-2012-A010,Advisory,FinCEN Advisory – FIN-2012-A010,10/22/2012,fincen_advisories.csv,3a0536d3479d1085fb11f0272081bde30b13118b76c8eac3fbde5a4e90d722b1,direct,4,12,money_laundering:11; terrorist_financing:1,sbert,sentence-transformers/all-MiniLM-L6-v2,0.42,2,0.35
fincen_advisory_pdfs\FIN-2012-A011.pdf,FIN-2012-A011.pdf,FIN-2012-A011,Advisory,FinCEN Advisory – FIN-2012-A011,11/20/2012,fincen_advisories.csv,5abb2dad9f34b9e19946427538946975fbc5f72b14116d596f525882f3550855,direct,12,151,money_laundering:127; terrorist_financing:24,sbert,sentence-transformers/all-MiniLM-L6-v2,0.42,2,0.35
fincen_advisory_pdfs\FIN-2012-A012.pdf,FIN-2012-A012.pdf,FIN-2012-A012,Advisory,FinCEN Advisory – FIN-2012-A012,11/21/2012,fincen_advisories.csv,c80bd5f1f74aea2dc4968beedb144a8017e2ca84a5ed52e753c6159e7fbade3d,direct,13,143,money_laundering:97; terrorist_financing:46,sbert,sentence-transformers/all-MiniLM-L6-v2,0.42,2,0.35
fincen_advisory_pdfs\FIN-2013-A001.pdf,FIN-2013-A001.pdf,FIN-2013-A001,Advisory,FinCEN Advisory – FIN-2013-A001,02/26/2013,fincen_advisories.csv,0f9836bdd289f90f160b3ced6a6fa50c7f9a7b3b2e3810f2e959055227a9df2d,direct,4,6,money_laundering:6,sbert,sentence-transformers/all-MiniLM-L6-v2,0.42,2,0.35
fincen_advisory_pdfs\FIN-2013-A002.pdf,FIN-2013-A002.pdf,FIN-2013-A002,Advisory,FinCEN Advisory – FIN-2013-A002,04/15/2013,fincen_advisories.csv,120d881c80e638b27fea4bc776bd05390cba6163dbfd25fcb31889c68c9de401,direct,3,21,money_laundering:9; terrorist_financing:7; corruption_bribery:5,sbert,sentence-transformers/all-MiniLM-L6-v2,0.42,2,0.35
fincen_advisory_pdfs\FIN-2013-A003.pdf,FIN-2013-A003.pdf,FIN-2013-A003,Advisory,FinCEN Advisory – FIN-2013-A003,04/24/2013,fincen_advisories.csv,06e2659639f68089b6a141d752e64d75ce59ee5a8c8ea52eea773f5c80f63104,direct,13,111,money_laundering:92; terrorist_financing:19,sbert,sentence-transformers/all-MiniLM-L6-v2,0.42,2,0.35
fincen_advisory_pdfs\FIN-2013-A004.pdf,FIN-2013-A004.pdf,FIN-2013-A004,Advisory,FinCEN Advisory - FIN-2013-A004,04/23/2013,fincen_advisories.csv,dd115243eaa7c942e4be77e2fe8971677f041b26ad1846777ae5a3f51f5f8507,direct,11,115,money_laundering:80; terrorist_financing:35,sbert,sentence-transformers/all-MiniLM-L6-v2,0.42,2,0.35
fincen_advisory_pdfs\FIN-2013-A005.pdf,FIN-2013-A005.pdf,FIN-2013-A005,Advisory,FinCEN Advisory – FIN-2013-A005,07/01/2013,fincen_advisories.csv,9639f6f733ca83dbc8232d71efda042e79551fc8f25aa51cfbaa936c18ff6417,direct,8,36,terrorist_financing:21; money_laundering:9; sanctions_evasion:3; corruption_bribery:3,sbert,sentence-transformers/all-MiniLM-L6-v2,0.42,2,0.35
fincen_advisory_pdfs\FIN-2013-A006.pdf,FIN-2013-A006.pdf,FIN-2013-A006,Advisory,FinCEN Advisory – FIN-2013-A006,09/17/2013,fincen_advisories.csv,d056363f2ee30b9a38671bd1078ceb763b69db3e786558bdbf729af50e9febe2,direct,5,48,money_laundering:37; terrorist_financing:11,sbert,sentence-transformers/all-MiniLM-L6-v2,0.42,2,0.35
fincen_advisory_pdfs\FIN-2013-A007.pdf,FIN-2013-A007.pdf,FIN-2013-A007,Advisory,FinCEN Advisory - FIN-2013-A007,09/27/2013,fincen_advisories.csv,0b3d2aa8121039f405bf0125e4dcd3591946c2840e1bf04ab0c67a34584a7778,direct,3,9,money_laundering:9,sbert,sentence-transformers/all-MiniLM-L6-v2,0.42,2,0.35
fincen_advisory_pdfs\FIN-2013-A008.pdf,FIN-2013-A008.pdf,FIN-2013-A008,Advisory,FinCEN Advisory - FIN-2013-A008,12/04/2013,fincen_advisories.csv,a335bde2887f348d47a350ab98e40295d868cf85471b1bdd5c40530dfc99e615,direct,6,51,money_laundering:40; terrorist_financing:11,sbert,sentence-transformers/all-MiniLM-L6-v2,0.42,2,0.35
fincen_advisory_pdfs\FIN-2014-A001.pdf,FIN-2014-A001.pdf,FIN-2014-A001,Advisory,FinCEN Advisory - FIN-2014-A001,02/25/2014,fincen_advisories.csv,07903be084cc398b37446d19a3044bea443e71c2ec2b71bdb0a881ee541ee400,direct,2,10,corruption_bribery:6; money_laundering:3; terrorist_financing:1,sbert,sentence-transformers/all-MiniLM-L6-v2,0.42,2,0.35
fincen_advisory_pdfs\FIN-2014-A002.pdf,FIN-2014-A002.pdf,FIN-2014-A002,Advisory,FinCEN Advisory – FIN-2014-A002,03/06/2014,fincen_advisories.csv,b7327ec330a7619167f0afde850caf8dbe183cc1f487fe0cb03f91a2c710d123,direct,4,13,corruption_bribery:7; money_laundering:3; terrorist_financing:3,sbert,sentence-transformers/all-MiniLM-L6-v2,0.42,2,0.35
fincen_advisory_pdfs\FIN-2014-A003.pdf,FIN-2014-A003.pdf,FIN-2014-A003,Advisory,FinCEN Advisory – FIN-2014-A003,03/25/2014,fincen_advisories.csv,09ebb6b01b6314642d1d773bf3e51a9a190213218fd19cc8e81b2cdecc802398,direct,6,48,money_laundering:36; terrorist_financing:12,sbert,sentence-transformers/all-MiniLM-L6-v2,0.42,2,0.35
fincen_advisory_pdfs\FIN-2014-A004.pdf,FIN-2014-A004.pdf,FIN-2014-A004,Advisory,FinCEN Advisory – FIN-2014-A004,05/20/2014,fincen_advisories.csv,7f07154b00bab032aa6228bc87f58197b0aa162be41f35a51c9c8be08e9b0214,direct,2,7,terrorist_financing:5; money_laundering:2,sbert,sentence-transformers/all-MiniLM-L6-v2,0.42,2,0.35
fincen_advisory_pdfs\FIN-2014-A005.pdf,FIN-2014-A005.pdf,FIN-2014-A005,Advisory,FinCEN Advisory–FIN-2014-A005,05/28/2014,fincen_advisories.csv,464e3ac1b2d42002b32e9d3a1a19371939ffc6a6fdcf915a204142929282da20,direct,6,50,trade_based_money_laundering:26; money_laundering:24,sbert,sentence-transformers/all-MiniLM-L6-v2,0.42,2,0.35
fincen_advisory_pdfs\FIN-2014-A006.pdf,FIN-2014-A006.pdf,FIN-2014-A006,Advisory,FinCEN Advisory – FIN-2014-A006,08/05/2014,fincen_advisories.csv,f4d31ce1ccfa2218cba1786894afceb8c8928241fdb3680d6ff08ba8621ad433,direct,5,47,money_laundering:35; terrorist_financing:12,sbert,sentence-transformers/all-MiniLM-L6-v2,0.42,2,0.35
fincen_advisory_pdfs\FIN-2014-A007.pdf,FIN-2014-A007.pdf,FIN-2014-A007,Advisory,FinCEN Advisory – FIN-2014-A007,08/11/2014,fincen_advisories.csv,7601a7a5c10681be4a4e01ccf0b8699b7afa5004d4b53c9dd5b14c5c5ece01b9,direct,6,84,money_laundering:81; structuring_smurfing:1; terrorist_financing:1; corruption_bribery:1,sbert,sentence-transformers/all-MiniLM-L6-v2,0.42,2,0.35
fincen_advisory_pdfs\FIN-2014-A008.pdf,FIN-2014-A008.pdf,FIN-2014-A008,Advisory,FinCEN Advisory – FIN-2014-A008,09/11/2014,fincen_advisories.csv,72fbb8f63de736971510bb0f1758cde2d4fd0303db3075a074dcb7685af5dc4e,direct,10,39,human_trafficking:28; money_laundering:10; structuring_smurfing:1,sbert,sentence-transformers/all-MiniLM-L6-v2,0.42,2,0.35
fincen_advisory_pdfs\FIN-2014-A009.pdf,FIN-2014-A009.pdf,FIN-2014-A009,Advisory,FinCEN Advisory – FIN-2014-A009,11/12/2014,fincen_advisories.csv,2a8af03faaaeb2b069fc9497956905ed25124bd4180427025e22f969a57ecdf5,direct,5,47,money_laundering:35; terrorist_financing:12,sbert,sentence-transformers/all-MiniLM-L6-v2,0.42,2,0.35
fincen_advisory_pdfs\FIN-2015-A001.pdf,FIN-2015-A001.pdf,FIN-2015-A001,Advisory,FinCEN Advisory – FIN-2015-A001,03/16/2015,fincen_advisories.csv,47695dccc3649afed664f719b5d226dc7bfc7fbc5f94a746968f16f959a43ad7,direct,5,46,money_laundering:34; terrorist_financing:12,sbert,sentence-transformers/all-MiniLM-L6-v2,0.42,2,0.35
fincen_advisory_pdfs\FIN-2015-A002.pdf,FIN-2015-A002.pdf,FIN-2015-A002,Advisory,FinCEN Advisory – FIN-2015-A002,07/20/2015,fincen_advisories.csv,663e895c4afe990fb63738788614b6fe380fc548c91c1cd752f82807feaa0fdd,direct,5,48,money_laundering:36; terrorist_financing:12,sbert,sentence-transformers/all-MiniLM-L6-v2,0.42,2,0.35
fincen_advisory_pdfs\FIN-2016-A001.pdf,FIN-2016-A001.pdf,FIN-2016-A001,Advisory,FinCEN Advisory – FIN-2016-A001,01/19/2016,fincen_advisories.csv,afc55f872763feddb8996479a5e87dcf7d7c2bb3f1126dea4d2fc8214b67c498,direct,5,45,money_laundering:34; terrorist_financing:11,sbert,sentence-transformers/all-MiniLM-L6-v2,0.42,2,0.35
fincen_advisory_pdfs\FIN-2016-A002.pdf,FIN-2016-A002.pdf,FIN-2016-A002,Advisory,FinCEN Advisory - FIN-2016-A002,03/21/2016,fincen_advisories.csv,40034c4fe27cc428ba8c85061b5b12a80d704b00a354f5fc70c69b91ae11ce70,direct,6,49,money_laundering:36; terrorist_financing:13,sbert,sentence-transformers/all-MiniLM-L6-v2,0.42,2,0.35
fincen_advisory_pdfs\FIN-2016-A003.pdf,FIN-2016-A003.pdf,FIN-2016-A003,Advisory,FinCEN Advisory - FIN-2016-A003,09/06/2016,fincen_advisories.csv,0b936035106ed3737873c210ed019059d18bb6ec88bf26193cb1ba7ba52aec2a,direct,8,51,bec_business_email_compromise:33; money_laundering:17; terrorist_financing:1,sbert,sentence-transformers/all-MiniLM-L6-v2,0.42,2,0.35
fincen_advisory_pdfs\FIN-2016-A004.pdf,FIN-2016-A004.pdf,FIN-2016-A004,Advisory,FinCEN Advisory - FIN-2016-A004,09/07/2016,fincen_advisories.csv,9fe71321d431eda8ea9f8223177d55dd01e944312d74a749bda6555af4fa44e4,direct,6,53,money_laundering:36; terrorist_financing:17,sbert,sentence-transformers/all-MiniLM-L6-v2,0.42,2,0.35
fincen_advisory_pdfs\FinCEN%20Advisory%20Corruption%20FINAL%20508.pdf,FinCEN%20Advisory%20Corruption%20FINAL%20508.pdf,FIN-2022-A001,Advisory,FinCEN Advisory FIN-2022-A001,04/14/2022,fincen_advisories.csv,3e93619028f029dac2bc650049eac49a2b3550b6890be74ece90f52f9ddbd464,direct,13,196,money_laundering:81; corruption_bribery:76; terrorist_financing:30; sanctions_evasion:4; ransomware:3,sbert,sentence-transformers/all-MiniLM-L6-v2,0.42,2,0.35
fincen_advisory_pdfs\FinCEN%20Advisory%20Covid%20Cybercrime%20508%20FINAL.pdf,FinCEN%20Advisory%20Covid%20Cybercrime%20508%20FINAL.pdf,FIN-2020-A005,Advisory,FinCEN Advisory FIN-2020-A005,07/30/2020,fincen_advisories.csv,d9ca67ee3900450310165c82db0e679c368a32743282ee67d48d3d19b7b96b41,direct,8,47,money_laundering:25; bec_business_email_compromise:13; ransomware:5; crypto_virtual_assets:3; synthetic_identity:1,sbert,sentence-transformers/all-MiniLM-L6-v2,0.42,2,0.35
fincen_advisory_pdfs\FinCEN%20Advisory%20CVC%20FINAL%20508.pdf,FinCEN%20Advisory%20CVC%20FINAL%20508.pdf,FIN-2019-A003,Advisory,FinCEN Advisory FIN-2019-A003,05/09/2019,fincen_advisories.csv,228e69fc0219ac2504fa5029e8bac88611e7832f4d2872ef013f0f49da61ba7b,direct,12,94,money_laundering:51; terrorist_financing:31; ransomware:3; crypto_virtual_assets:3; sanctions_evasion:2,sbert,sentence-transformers/all-MiniLM-L6-v2,0.42,2,0.35
fincen_advisory_pdfs\FinCEN%20Advisory%20Elder%20Financial%20Exploitation%20FINAL%20508.pdf,FinCEN%20Advisory%20Elder%20Financial%20Exploitation%20FINAL%20508.pdf,FIN-2022-A002,Advisory,FinCEN Advisory FIN-2022-A002,06/15/2022,fincen_advisories.csv,23a4c35f1ffe2ea51b60f9fab2f795278e1eaa0d7ea1bcd58d9af0b595e74411,direct,15,69,money_laundering:48; romance_scam_elder_fraud:15; structuring_smurfing:2; terrorist_financing:1; bec_business_email_compromise:1,sbert,sentence-transformers/all-MiniLM-L6-v2,0.42,2,0.35
fincen_advisory_pdfs\FinCEN%20Advisory%20FIN-2017-A006-508%20Compliant.pdf,FinCEN%20Advisory%20FIN-2017-A006-508%20Compliant.pdf,FIN-2017-A006,Advisory,FinCEN Advisory FIN-2017-A006,09/20/2017,fincen_advisories.csv,be705605ffa8bac06a5888687ebe690dfe516c32789edb8fa4f2725b7a6359ac,direct,7,83,corruption_bribery:35; money_laundering:27; terrorist_financing:19; sanctions_evasion:2,sbert,sentence-transformers/all-MiniLM-L6-v2,0.42,2,0.35
fincen_advisory_pdfs\FinCEN%20Advisory%20FIN-2017-A007-508%20Compliant.pdf,FinCEN%20Advisory%20FIN-2017-A007-508%20Compliant.pdf,FIN-2017-A007,Advisory,FinCEN Advisory FIN-2017-A007,10/31/2017,fincen_advisories.csv,4271faf8e25ea9f2e2c8bd193d48c9e4dc2a7c5ac5944d91f105f8c3f3fedbf2,direct,4,9,money_laundering:9,sbert,sentence-transformers/all-MiniLM-L6-v2,0.42,2,0.35
fincen_advisory_pdfs\FinCEN%20FATF%20Advisory%20%28February%202017%29.pdf,FinCEN%20FATF%20Advisory%20%28February%202017%29.pdf,FIN-2017-A002,Advisory,FinCEN Advisory - FIN-2017-A002,04/05/2017,fincen_advisories.csv,e29d7c85665eb506b51b266a2a2571271671d76ba603ca796ede0a6bb86d3a8a,direct,6,64,money_laundering:37; terrorist_financing:27,sbert,sentence-transformers/all-MiniLM-L6-v2,0.42,2,0.35
fincen_advisory_pdfs\FinCEN%20FATF%20Advisory%20FIN-2018-A002%20%28508%29.pdf,FinCEN%20FATF%20Advisory%20FIN-2018-A002%20%28508%29.pdf,FIN-2018-A002,Advisory,FinCEN Advisory FIN-2018-A002,04/27/2018,fincen_advisories.csv,532a53eb4255080610f462455828326fdf3c51ce1e7d0b7af246d2e3dc9ab66c,direct,10,123,terrorist_financing:64; money_laundering:57; sanctions_evasion:2,sbert,sentence-transformers/all-MiniLM-L6-v2,0.42,2,0.35
fincen_advisory_pdfs\FinCEN%20FATF%20Advisory%20Jan%202017-508%20Compliant_0.pdf,FinCEN%20FATF%20Advisory%20Jan%202017-508%20Compliant_0.pdf,FIN-2017-A001,Advisory,FinCEN Advisory – FIN-2017-A001,01/19/2017,fincen_advisories.csv,4035455e9469c22b6e7329991da6075d3a971c497b68e1e22dee0f6dae9f022b,direct,6,54,money_laundering:36; terrorist_financing:18,sbert,sentence-transformers/all-MiniLM-L6-v2,0.42,2,0.35
fincen_advisory_pdfs\FinCEN%20FATF%20Advisory-FIN-2017-A005_0.pdf,FinCEN%20FATF%20Advisory-FIN-2017-A005_0.pdf,FIN-2017-A005,Advisory,FinCEN Advisory FIN-2017-A005,09/15/2017,fincen_advisories.csv,39c8c5400c6eae2be1a7a95e7589785a52c15fb4550936790e28f950592fac91,direct,7,82,money_laundering:44; terrorist_financing:38,sbert,sentence-transformers/all-MiniLM-L6-v2,0.42,2,0.35
fincen_advisory_pdfs\FinCEN%20Ransomware%20Advisory_FINAL_508_.pdf,FinCEN%20Ransomware%20Advisory_FINAL_508_.pdf,FIN-2021-A004,Advisory,FinCEN Advisory FIN-2021-A004,11/08/2021,fincen_advisories.csv,303a1765c0231330acc63bc502c3025e8dd35b42eb96342a6877cd0bcd0921a2,direct,11,213,ransomware:132; money_laundering:50; crypto_virtual_assets:17; terrorist_financing:12; structuring_smurfing:2,sbert,sentence-transformers/all-MiniLM-L6-v2,0.42,2,0.35
fincen_advisory_pdfs\FinCEN-Advisory-CMLN-508.pdf,FinCEN-Advisory-CMLN-508.pdf,FIN-2025-A003,Advisory,FinCEN Advisory FIN-2025-A003,08/28/2025,fincen_advisories.csv,5a2654b103437fdb3cfd83db51d77a3dd5f0f756dc467ba2cf365eff1ba766ee,direct,15,112,money_laundering:87; trade_based_money_laundering:9; terrorist_financing:6; structuring_smurfing:4; sanctions_evasion:2,sbert,sentence-transformers/all-MiniLM-L6-v2,0.42,2,0.35
fincen_advisory_pdfs\FinCEN-Advisory-Illicit-Oil-Smuggling-508.pdf,FinCEN-Advisory-Illicit-Oil-Smuggling-508.pdf,FIN-2025-A002,Advisory,FinCEN Advisory FIN-2025-A002,06/06/2025,fincen_advisories.csv,5ae3f6928535b91fc38af7d71983e71a97d63fda292e94eb5234d2357ec6678b,direct,18,128,terrorist_financing:57; money_laundering:42; sanctions_evasion:25; structuring_smurfing:2; corruption_bribery:2,sbert,sentence-transformers/all-MiniLM-L6-v2,0.42,2,0.35
fincen_advisory_pdfs\FinCEN-Advisory-Iran-Backed-TF-508C.pdf,FinCEN-Advisory-Iran-Backed-TF-508C.pdf,FIN-2024-A001,Advisory,FinCEN Advisory FIN-2024-A001,05/08/2024,fincen_advisories.csv,66320a2affac0c0eecbf0aa31b10cf2f3e12ef6ea11ad4c2b73e8540dc68e5df,direct,17,143,money_laundering:57; terrorist_financing:56; sanctions_evasion:17; crypto_virtual_assets:8; structuring_smurfing:2,sbert,sentence-transformers/all-MiniLM-L6-v2,0.42,2,0.35
fincen_advisory_pdfs\FinCEN-Advisory-ISIS-508C.pdf,FinCEN-Advisory-ISIS-508C.pdf,FIN-2025-A001,Advisory,FinCEN Advisory FIN-2025-A001,04/01/2025,fincen_advisories.csv,c0bb287ad94f0f10e6c40448872b8c1b991b5aa17263ecb820ea54326e60bdaf,direct,15,85,money_laundering:47; terrorist_financing:15; crypto_virtual_assets:11; ransomware:7; structuring_smurfing:3,sbert,sentence-transformers/all-MiniLM-L6-v2,0.42,2,0.35
fincen_advisory_pdfs\FinCEN-Supplemental-Advisory-on-Fentanyl-508C.pdf,FinCEN-Supplemental-Advisory-on-Fentanyl-508C.pdf,FIN-2024-A002,Advisory,FinCEN Advisory FIN-2024-A002,06/20/2024,fincen_advisories.csv,603dc48f50a666392d092cd29926e623e283cb7501a256da91e7a50398edf66f,direct,15,95,money_laundering:52; terrorist_financing:21; sanctions_evasion:10; structuring_smurfing:8; crypto_virtual_assets:2,sbert,sentence-transformers/all-MiniLM-L6-v2,0.42,2,0.35
fincen_advisory_pdfs\guidance_fi_increasing_mlt_iranian.pdf,guidance_fi_increasing_mlt_iranian.pdf,FIN-2007-A001,Advisory,FinCEN Advisory – FIN-2007-A001,10/01/2007,fincen_advisories.csv,6e5c45ba47ee3811ca79cd85c7a3f93d55c18172341af8367d83344d3d668623,direct,2,19,money_laundering:10; terrorist_financing:9,sbert,sentence-transformers/all-MiniLM-L6-v2,0.42,2,0.35
fincen_advisory_pdfs\Iran%20Advisory%20FINAL%20508.pdf,Iran%20Advisory%20FINAL%20508.pdf,FIN-2018-A006,Advisory,FinCEN Advisory FIN-2018-A006,10/11/2018,fincen_advisories.csv,75c76488116dd36dfee28249e30b5aeb517e86889c46d66b384b6708bc85dff0,direct,19,220,terrorist_financing:148; money_laundering:40; sanctions_evasion:27; structuring_smurfing:3; crypto_virtual_assets:2,sbert,sentence-transformers/all-MiniLM-L6-v2,0.42,2,0.35
fincen_advisory_pdfs\Nicaragua_Advisory_FINAL_508_0.pdf,Nicaragua_Advisory_FINAL_508_0.pdf,FIN-2018-A005,Advisory,FinCEN Advisory FIN-2018-A005,10/04/2018,fincen_advisories.csv,755a2ebe53231c1eeefa23d1347af0ec0a13b73a14af9a7a9c2d3787625c1a44,direct,5,62,money_laundering:27; corruption_bribery:20; terrorist_financing:14; sanctions_evasion:1,sbert,sentence-transformers/all-MiniLM-L6-v2,0.42,2,0.35
fincen_advisory_pdfs\PEP%20Facilitator%20Advisory_FINAL%20508%20updated.pdf,PEP%20Facilitator%20Advisory_FINAL%20508%20updated.pdf,FIN-2018-A003,Advisory,FinCEN Advisory FIN-2018-A003,06/12/2018,fincen_advisories.csv,1d9ea1bce392138a4f97c44e918d4a5fbf791f130879841ba1b75b6c13f58dbe,direct,15,154,corruption_bribery:65; money_laundering:51; terrorist_financing:36; sanctions_evasion:2,sbert,sentence-transformers/all-MiniLM-L6-v2,0.42,2,0.35
fincen_advisory_pdfs\Risk%20in%20Real%20Estate%20Advisory_FINAL%20508%20Tuesday%20%28002%29.pdf,Risk%20in%20Real%20Estate%20Advisory_FINAL%20508%20Tuesday%20%28002%29.pdf,FIN-2017-A003,Advisory,FinCEN Advisory - FIN-2017-A003,08/22/2017,fincen_advisories.csv,0c96a988f2328f8f03cfba9544abde9bebcb3fcfa366a808f0c09b7dd9c34055,direct,8,91,money_laundering:81; terrorist_financing:6; corruption_bribery:3; healthcare_fraud:1,sbert,sentence-transformers/all-MiniLM-L6-v2,0.42,2,0.35
fincen_advisory_pdfs\South%20Sudan%20Advisory_09-06-2017_0.pdf,South%20Sudan%20Advisory_09-06-2017_0.pdf,FIN-2017-A004,Advisory,FinCEN Advisory FIN-2017-A004,09/06/2017,fincen_advisories.csv,cf977409af0abf366222b9fc7c2657f17e9ce6d16b920539635fcdc9cee494fe,direct,7,79,money_laundering:27; terrorist_financing:26; corruption_bribery:26,sbert,sentence-transformers/all-MiniLM-L6-v2,0.42,2,0.35
fincen_advisory_pdfs\Updated%20BEC%20Advisory%20FINAL%20508.pdf,Updated%20BEC%20Advisory%20FINAL%20508.pdf,FIN-2019-A005,Advisory,FinCEN Advisory FIN-2019-A005,07/16/2019,fincen_advisories.csv,bae4cd3d10b6bad1444e5299064a0cc3219ab32457a812a03c38b11bf088f838,direct,12,147,bec_business_email_compromise:114; money_laundering:33,sbert,sentence-transformers/all-MiniLM-L6-v2,0.42,2,0.35
fincen_advisory_pdfs\Venezuela%20Advisory%20FINAL%20508.pdf,Venezuela%20Advisory%20FINAL%20508.pdf,FIN-2019-A002,Advisory,FinCEN Advisory FIN-2019-A002,05/03/2019,fincen_advisories.csv,ab942b86ad47017ca8d76041992c2859ef17e9f6ec3dd5ec98c10bc32ad1d2b0,direct,15,206,terrorist_financing:67; money_laundering:61; corruption_bribery:49; sanctions_evasion:18; trade_based_money_laundering:9,sbert,sentence-transformers/all-MiniLM-L6-v2,0.42,2,0.35
fincen_alert_pdfs\Alert-FinCEN-Scams-FINAL508.pdf,Alert-FinCEN-Scams-FINAL508.pdf,FIN-2024-ALERT005,Alert,"FinCEN Alert on Fraud Schemes Abusing FinCEN’s Name, Insignia, and Authorities for Financial Gain",12/18/2024,fincen_alerts.csv,b3c7ebff4ef4d0bcc83c3d5cbfe443a44efce04baa4d8b4918e4a2543a3a8f4e,direct,11,47,money_laundering:31; crypto_virtual_assets:10; bec_business_email_compromise:5; romance_scam_elder_fraud:1,sbert,sentence-transformers/all-MiniLM-L6-v2,0.42,2,0.35
fincen_alert_pdfs\BCS-Alert-FINAL-508C.pdf,BCS-Alert-FINAL-508C.pdf,FIN-2025-ALERT001,Alert,FinCEN Alert on Bulk Cash Smuggling and Repatriation by Mexico-Based Transnational Criminal Organizations,03/31/2025,fincen_alerts.csv,579768878cf8cebd7db90f74d80c17a66a7eda25c8af3e5666c246e94dcff9ba,direct,7,29,money_laundering:23; terrorist_financing:2; trade_based_money_laundering:2; human_trafficking:1; crypto_virtual_assets:1,sbert,sentence-transformers/all-MiniLM-L6-v2,0.42,2,0.35
fincen_alert_pdfs\FinCEN Alert Human Smuggling FINAL_508.pdf,FinCEN Alert Human Smuggling FINAL_508.pdf,FIN-2023-ALERT001,Alert,FinCEN Alert on Human Smuggling Along the Southwest Border of the United States,01/13/2023,fincen_alerts.csv,0525278743acde473d7151af4631e225c070792dbde74b3d2bffb74ad7339dce,direct,10,64,money_laundering:35; human_trafficking:22; terrorist_financing:3; structuring_smurfing:2; sanctions_evasion:1,sbert,sentence-transformers/all-MiniLM-L6-v2,0.42,2,0.35
fincen_alert_pdfs\FinCEN Alert Mail Theft-Related Check Fraud FINAL 508.pdf,FinCEN Alert Mail Theft-Related Check Fraud FINAL 508.pdf,FIN-2023-ALERT003,Alert,FinCEN Alert on Nationwide Surge in Mail Theft-Related Check Fraud Schemes Targeting the U.S. Mail,02/27/2023,fincen_alerts.csv,73b239b33497679cbe9534e51cb7ac35189bebe5c0d69320fbd1af476f1d5b9c,direct,8,74,money_laundering:37; check_fraud:32; structuring_smurfing:2; corruption_bribery:2; terrorist_financing:1,sbert,sentence-transformers/all-MiniLM-L6-v2,0.42,2,0.35
fincen_alert_pdfs\FinCEN%20Alert%20Real%20Estate%20FINAL%20508_1-25-23%20FINAL%20FINAL.pdf,FinCEN%20Alert%20Real%20Estate%20FINAL%20508_1-25-23%20FINAL%20FINAL.pdf,FIN-2023-ALERT002,Alert,"FinCEN Alert on Potential U.S. Commercial Real Estate Investments by Sanctioned Russian Elites, Oligarchs, and Their Proxies",01/25/2023,fincen_alerts.csv,c593bf2731163d781f858b8cc4fa969f74faca570918e2d84738187d181b8b0d,direct,11,121,money_laundering:53; terrorist_financing:33; sanctions_evasion:20; corruption_bribery:13; structuring_smurfing:2,sbert,sentence-transformers/all-MiniLM-L6-v2,0.42,2,0.35
fincen_alert_pdfs\FinCEN%20Alert%20Russian%20Elites%20High%20Value%20Assets_508%20FINAL.pdf,FinCEN%20Alert%20Russian%20Elites%20High%20Value%20Assets_508%20FINAL.pdf,FIN-2022-ALERT002,Alert,"FinCEN Alert on Real Estate, Luxury Goods, and Other High Value Assets Involving Russian Elites, Oligarchs, and their Family Members",03/16/2022,fincen_alerts.csv,d090405be6a48c770f316cae782a4300eb56510cbcb5fe5861312ff918857c2a,direct,12,129,money_laundering:59; terrorist_financing:50; corruption_bribery:9; sanctions_evasion:6; ransomware:3,sbert,sentence-transformers/all-MiniLM-L6-v2,0.42,2,0.35
fincen_alert_pdfs\FinCEN%20Alert%20Russian%20Sanctions%20Evasion%20FINAL%20508.pdf,FinCEN%20Alert%20Russian%20Sanctions%20Evasion%20FINAL%20508.pdf,FIN-2022-ALERT001,Alert,FinCEN Advises Increased Vigilance for Potential Russian Sanctions Evasion Attempts,03/07/2022,fincen_alerts.csv,459e4311409ead8466e21bc48b2ed9c6c3f51057bd1a1606a395ca588d027940,direct,10,163,terrorist_financing:74; money_laundering:54; ransomware:13; sanctions_evasion:11; corruption_bribery:8,sbert,sentence-transformers/all-MiniLM-L6-v2,0.42,2,0.35
fincen_alert_pdfs\FinCEN%20Alert%20Twitter_508%20FINAL.pdf,FinCEN%20Alert%20Twitter_508%20FINAL.pdf,FIN-2020-ALERT001,Alert,FinCEN Alerts Financial Institutions to Convertible Virtual Currency Scam Involving Twitter,07/16/2020,fincen_alerts.csv,4daf1d4d597a17c8780b6fa63ee86c43f2629281ba2215bf0431144436852766,direct,2,4,money_laundering:4,sbert,sentence-transformers/all-MiniLM-L6-v2,0.42,2,0.35
fincen_alert_pdfs\FinCEN%20and%20Bis%20Joint%20Alert%20FINAL.pdf,FinCEN%20and%20Bis%20Joint%20Alert%20FINAL.pdf,FIN-2023-ALERT004,Alert,Supplemental Alert: FinCEN and the U.S. Department of Commerce’s Bureau of Industry and Security Urge Continued Vigilance for Potential Russian Export Control Evasion Attempts,05/19/2023,fincen_alerts.csv,1f34b9868edc7a75c94e07dd524603aa4b3c91978fad30de092973f65bc44e2f,direct,10,46,money_laundering:30; terrorist_financing:9; sanctions_evasion:3; structuring_smurfing:2; corruption_bribery:2,sbert,sentence-transformers/all-MiniLM-L6-v2,0.42,2,0.35
fincen_alert_pdfs\FinCEN-Alert-DeepFakes-Alert508FINAL.pdf,FinCEN-Alert-DeepFakes-Alert508FINAL.pdf,FIN-2024-ALERT004,Alert,FinCEN Alert on Fraud Schemes Involving Deepfake Media Targeting Financial Institutions,11/13/2024,fincen_alerts.csv,5e02f6647ee023ffaca6c63dcfaaa3d3456097032dbc6dc7953c2a4bff786b36,direct,6,32,money_laundering:19; bec_business_email_compromise:6; structuring_smurfing:2; check_fraud:2; synthetic_identity:2,sbert,sentence-transformers/all-MiniLM-L6-v2,0.42,2,0.35
fincen_alert_pdfs\FinCEN-Alert-Extremist-Violence-FINAL508-rescinded.pdf,FinCEN-Alert-Extremist-Violence-FINAL508-rescinded.pdf,FIN-2024-ALERT001,Alert,"(Rescinded as of January 29, 2025) FinCEN Issues Alert on Israeli Extremist Settler Violence Against Palestinians in the West Bank",02/01/2024,fincen_alerts.csv,77eb1ae366075ec3eeb66baed0c72b6af9a8cf2156e1eae1271e297c0bf297cf,direct,2,9,money_laundering:6; terrorist_financing:3,sbert,sentence-transformers/all-MiniLM-L6-v2,0.42,2,0.35
fincen_alert_pdfs\FinCEN-Alert-Hizballah-Alert-508C.pdf,FinCEN-Alert-Hizballah-Alert-508C.pdf,FIN-2024-ALERT003,Alert,FinCEN Alert to Financial Institutions to Counter Financing of Hizballah and its Terrorist Activities,10/23/2024,fincen_alerts.csv,7902fe60445267615f0955ecac6c7647fdcd7498122682438e45f48996833e55,direct,8,81,terrorist_financing:33; money_laundering:29; sanctions_evasion:16; trade_based_money_laundering:3,sbert,sentence-transformers/all-MiniLM-L6-v2,0.42,2,0.35
fincen_alert_pdfs\FinCEN-Alert-Oil-Smuggling-FINAL-508C.pdf,FinCEN-Alert-Oil-Smuggling-FINAL-508C.pdf,FIN-2025-ALERT002,Alert,FinCEN Alert on Oil Smuggling Schemes on the U.S. Southwest Border Associated with Mexico-Based Cartels,05/01/2025,fincen_alerts.csv,8b7635ef8af0981ef28fb30987e85ef2771818ae7250cb91bd3092bc568b85a3,direct,13,94,money_laundering:54; terrorist_financing:28; corruption_bribery:6; sanctions_evasion:4; structuring_smurfing:2,sbert,sentence-transformers/all-MiniLM-L6-v2,0.42,2,0.35
fincen_alert_pdfs\FinCEN-Alert-West-Bank-FINAL-508C-rescinded.pdf,FinCEN-Alert-West-Bank-FINAL-508C-rescinded.pdf,FIN-2024-ALERT002,Alert,"(Rescinded as of January 29, 2025) FinCEN Issues Supplemental Alert on Israeli Extremist Violence in the West Bank",07/11/2024,fincen_alerts.csv,d9e81e6a2a50bd55395cf863ea1b20bc43af8ecede1c537ad392c752ff604462,direct,4,25,terrorist_financing:15; money_laundering:10,sbert,sentence-transformers/all-MiniLM-L6-v2,0.42,2,0.35
fincen_alert_pdfs\FinCEN_Alert_Pig_Butchering_FINAL_508c.pdf,FinCEN_Alert_Pig_Butchering_FINAL_508c.pdf,FIN-2023-ALERT005,Alert,FinCEN Alert on Prevalent Virtual Currency Investment Scam Commonly Known as “Pig Butchering”,09/08/2023,fincen_alerts.csv,14e83be91bac0bf13fbd59413910b10ecbc42c2a210d0a2915561ccd2cf4252c,direct,9,66,money_laundering:30; crypto_virtual_assets:23; ransomware:4; bec_business_email_compromise:3; romance_scam_elder_fraud:3,sbert,sentence-transformers/all-MiniLM-L6-v2,0.42,2,0.35
fincen_alert_pdfs\FinCEN_Alert_Terrorist_Financing_proof1.pdf,FinCEN_Alert_Terrorist_Financing_proof1.pdf,FIN-2023-ALERT006,Alert,FinCEN Alert to Financial Institutions to Counter Financing to Hamas and its Terrorist Activities,10/20/2023,fincen_alerts.csv,a6b96b2d1baa8a3ca1580259d3d2f31aaf6e48d2da0c5fdd80fe5bab07ff7b65,direct,3,23,money_laundering:12; terrorist_financing:9; crypto_virtual_assets:2,sbert,sentence-transformers/all-MiniLM-L6-v2,0.42,2,0.35
fincen_alert_pdfs\FinCEN_ERC_Fraud_Alert_FINAL508.pdf,FinCEN_ERC_Fraud_Alert_FINAL508.pdf,FIN-2023-ALERT007,Alert,FinCEN Alert on COVID-19 Employee Retention Credit Fraud,11/22/2023,fincen_alerts.csv,4b424e2741f78f9f3ead084460ac44bb05eb35a69cde3be11142ffa88c65dfa4,direct,11,51,money_laundering:35; mortgage_financial_aid_fraud:8; check_fraud:4; structuring_smurfing:2; terrorist_financing:1,sbert,sentence-transformers/all-MiniLM-L6-v2,0.42,2,0.35
fincen_notice_pdfs\Consolidated%20COVID-19%20Notice%20508%20Final.pdf,Consolidated%20COVID-19%20Notice%20508%20Final.pdf,FIN-2021-NTC1,Notice,Consolidated COVID-19 Suspicious Activity Report Key Terms and Filing Instructions,2/24/2021,fincen_notices.csv,439141a73c26dae11dedcc298e92bafb893ab9068664b04668f878ddc76e2dbd,direct,4,20,money_laundering:10; mortgage_financial_aid_fraud:5; ransomware:2; bec_business_email_compromise:2; corruption_bribery:1,sbert,sentence-transformers/all-MiniLM-L6-v2,0.42,2,0.35
fincen_notice_pdfs\COVID-19%20Vaccine%20Notice%20508.pdf,COVID-19%20Vaccine%20Notice%20508.pdf,FIN-2020-NTC4,Notice,COVID-19 Vaccine-Related Scams and Cyberattacks,12/28/2020,fincen_notices.csv,889356b1c3a85d7855ef49d8fe3c26cc41ad33fbd87e522aa4561a4c1e08c37b,direct,2,22,money_laundering:12; ransomware:10,sbert,sentence-transformers/all-MiniLM-L6-v2,0.42,2,0.35
fincen_notice_pdfs\FinCEN%20Advisory%20FIN-2017-A007-508%20Compliant.pdf,FinCEN%20Advisory%20FIN-2017-A007-508%20Compliant.pdf,FIN-2017-A007,Advisory,FinCEN Advisory FIN-2017-A007,10/31/2017,fincen_advisories.csv,4271faf8e25ea9f2e2c8bd193d48c9e4dc2a7c5ac5944d91f105f8c3f3fedbf2,direct,4,9,money_laundering:9,sbert,sentence-transformers/all-MiniLM-L6-v2,0.42,2,0.35
fincen_notice_pdfs\FinCEN%20Environmental%20Crimes%20Notice%20508%20FINAL.pdf,FinCEN%20Environmental%20Crimes%20Notice%20508%20FINAL.pdf,FIN-2021-NTC4,Notice,FinCEN Calls Attention to Environmental Crimes and Related Financial Activity,11/18/2021,fincen_notices.csv,33a89632eba6a3bba08043ca2bd9b1ba3de250d7f70f57554c4eb06f91922f8f,direct,8,54,money_laundering:39; corruption_bribery:8; human_trafficking:5; tax_evasion:2,sbert,sentence-transformers/all-MiniLM-L6-v2,0.42,2,0.35
fincen_notice_pdfs\FinCEN%20Notice%20on%20Antiquities%20and%20Art_508C.pdf,FinCEN%20Notice%20on%20Antiquities%20and%20Art_508C.pdf,FIN-2021-NTC2,Notice,FinCEN Informs Financial Institutions of Efforts Related to Trade in Antiquities and Art,3/9/2021,fincen_notices.csv,3efcf9ac7a5218de616248adcb30ba251abbdecf6c21487119f1ca91c4cef0e9,direct,3,32,money_laundering:26; terrorist_financing:6,sbert,sentence-transformers/all-MiniLM-L6-v2,0.42,2,0.35
fincen_notice_pdfs\FinCEN%20OCSE%20Notice%20508C.pdf,FinCEN%20OCSE%20Notice%20508C.pdf,FIN-2021-NTC3,Notice,FinCEN Calls Attention to Online Child Sexual Exploitation Crimes,9/16/2021,fincen_notices.csv,7cfeb2310b64617c5b75dd56acbf55eddd14b5f3670ea83c50e2a53fe6ce030e,direct,4,26,money_laundering:18; human_trafficking:7; crypto_virtual_assets:1,sbert,sentence-transformers/all-MiniLM-L6-v2,0.42,2,0.35
fincen_notice_pdfs\FinCEN-BOI-Notice-Deadline-Extension-508FINAL.pdf,FinCEN-BOI-Notice-Deadline-Extension-508FINAL.pdf,FIN-2025-CTA1,Notice,FinCEN Extends Beneficial Ownership Information Reporting Deadline by 30 Days; Announces Intention to Revise Reporting Rule,02/18/2025,fincen_notices.csv,c67c25783a8f6d77f115efc9ad8be14fc27921541d0b2896a2df13a800bed952,direct,2,5,money_laundering:5,sbert,sentence-transformers/all-MiniLM-L6-v2,0.42,2,0.35
fincen_notice_pdfs\FinCEN-Joint-Notice-Timeshare-Mexico-508C-FINAL.pdf,FinCEN-Joint-Notice-Timeshare-Mexico-508C-FINAL.pdf,FIN-2024-NTC2,Notice,"FinCEN, OFAC, and FBI Joint Notice on Timeshare Fraud Associated with Mexico-Based Transnational Criminal Organizations",07/16/2024,fincen_notices.csv,bb19d98a3257aa9c3463836f312b45bf1de48fc0fb95060787a3c0a0bf2c1dcc,direct,14,105,money_laundering:74; terrorist_financing:21; bec_business_email_compromise:5; structuring_smurfing:2; corruption_bribery:2,sbert,sentence-transformers/all-MiniLM-L6-v2,0.42,2,0.35
fincen_notice_pdfs\FinCEN-Notice-CVCKIOSK.pdf,FinCEN-Notice-CVCKIOSK.pdf,FIN-2025-NTC001,Notice,FinCEN Notice on the Use of Convertible Virtual Currency Kiosks for Scam Payments and Other Illicit Activity,08/4/2025,fincen_notices.csv,c5d0876efb58ba90f6658f824a3411c58f58e707541b2d70945d65e732ed8852,direct,12,99,money_laundering:53; crypto_virtual_assets:25; structuring_smurfing:11; romance_scam_elder_fraud:5; bec_business_email_compromise:3,sbert,sentence-transformers/all-MiniLM-L6-v2,0.42,2,0.35
fincen_notice_pdfs\FinCEN-Notice-FMS-508C.pdf,FinCEN-Notice-FMS-508C.pdf,FIN-2025-NTC2,Notice,FinCEN Notice on Financially Motivated Sextortion,09/8/2025,fincen_notices.csv,77e3968de8faaa979e7958d1e3056b5d477a0ead95401ff20999ff3743fb4598,direct,12,44,money_laundering:40; terrorist_financing:2; crypto_virtual_assets:2,sbert,sentence-transformers/all-MiniLM-L6-v2,0.42,2,0.35
fincen_notice_pdfs\FinCEN_Joint_Notice_US_Export_Controls_FINAL508.pdf,FinCEN_Joint_Notice_US_Export_Controls_FINAL508.pdf,FIN-2023-NTC2,Notice,FinCEN and the U.S. Department of Commerce’s Bureau of Industry and Security Announce New Reporting Key Term and Highlight Red Flags Relating to Global Evasion of U.S. Export Controls,11/6/2023,fincen_notices.csv,d46bc851d059d88e4baaa220cca7ea558aded3d03b8fb70cf83a4c0b67bb7c0f,direct,9,36,money_laundering:29; terrorist_financing:5; structuring_smurfing:2,sbert,sentence-transformers/all-MiniLM-L6-v2,0.42,2,0.35
fincen_notice_pdfs\FinCEN_Notice_Counterfeit_US_Passport_FINAL508.pdf,FinCEN_Notice_Counterfeit_US_Passport_FINAL508.pdf,FIN-2024-NTC1,Notice,FinCEN Notice on the Use of Counterfeit U.S. Passport Cards to Perpetrate Identity Theft and Fraud Schemes at Financial Institutions,04/15/2024,fincen_notices.csv,7c871ea34a94e9f50a304a4cdf177b0ed8d205534108c540c8a8cc7e08fc37d3,direct,12,52,money_laundering:37; structuring_smurfing:9; bec_business_email_compromise:2; check_fraud:2; terrorist_financing:1,sbert,sentence-transformers/all-MiniLM-L6-v2,0.42,2,0.35
fincen_notice_pdfs\FinCEN_Notice_Payroll_Tax_Evasion_and_Workers_Comp_508.pdf,FinCEN_Notice_Payroll_Tax_Evasion_and_Workers_Comp_508.pdf,FIN-2023-NTC1,Notice,FinCEN Calls Attention to Payroll Tax Evasion and Workers’ Compensation Fraud in the Construction Sector,08/15/2023,fincen_notices.csv,6dc8d2160d96969d01146491ee0f5325761c053f1d7d57f4463b7513ff9e96f2,direct,10,85,money_laundering:64; tax_evasion:15; structuring_smurfing:5; terrorist_financing:1,sbert,sentence-transformers/all-MiniLM-L6-v2,0.42,2,0.35
fincen_notice_pdfs\Joint%20Statement%20on%20Innovation%20Statement%20%28Final%2011-30-18%29_508.pdf,Joint%20Statement%20on%20Innovation%20Statement%20%28Final%2011-30-18%29_508.pdf,FIN-2020-NTC2,Notice,Updated FinCEN Notice to Financial Institutions Regarding COVID-19,4/03/2020,fincen_notices.csv,09f8d88fc875c8ef6c2b931c2a6edf06ebc97f2be4bb458188b796bca7659d20,direct,3,46,money_laundering:43; terrorist_financing:3,sbert,sentence-transformers/all-MiniLM-L6-v2,0.42,2,0.35
fincen_notice_pdfs\May_18_Notice_Related_to_COVID-19.pdf,May_18_Notice_Related_to_COVID-19.pdf,FIN-2020-NTC3,Notice,Companion Notice to FinCEN COVID-19 Advisories,5/18/2020,fincen_notices.csv,d4534ede34f94923e2a6b6379fa8063a3af1cd5c96cb5e04f30ed981449642db,direct,4,35,money_laundering:28; bec_business_email_compromise:4; mortgage_financial_aid_fraud:2; terrorist_financing:1,sbert,sentence-transformers/all-MiniLM-L6-v2,0.42,2,0.35
